iter;tot_exp;exp_01;exp_07;exp_10
1;28909451852.0477;9314575401.784;2730802406.72905;1360205462.47392
2;29107852288.4794;9270889091.2903;2726816512.41623;1350227614.99763
3;29042899623.1346;9317576164.29888;2759684513.23252;1344486947.41086
4;28882873072.233;9301565814.92979;2706653275.29449;1370068600.31124
5;28823312026.2805;9312030667.76604;2723905041.26257;1341170546.78607
6;28937773327.5648;9322677823.16705;2766082989.241;1365822456.0712
7;29045450927.9594;9304205870.45642;2712483721.46424;1354380245.27364
8;28854808810.2157;9294468425.11107;2732493114.95757;1383083660.89074
9;29005074246.8577;9266438711.25932;2749528531.64894;1350678614.25773
10;29031556341.6632;9243983883.46539;2739157537.41788;1356724665.85501
11;28710673356.0989;9298096540.5608;2727858729.08009;1357059340.56715
12;28878638578.2416;9302881939.74909;2707967940.50096;1364790822.98775
13;28922610328.4478;9289411561.12042;2749848431.90892;1351693313.05575
14;29211090271.8628;9282699780.24302;2728070839.9285;1362120298.81608
15;28875864155.0348;9299863223.54423;2703161066.2769;1368347042.34092
16;29078125808.2109;9302147659.56918;2705631506.87682;1364277698.92966
17;28845829620.1584;9299529378.49843;2687869215.44228;1356362868.14372
18;28771305215.699;9278515529.02497;2717524243.12699;1374692367.95309
19;29015856650.1721;9301299479.07917;2714165407.409;1343901208.66277
20;29041891104.64;9274996353.01444;2721151764.13125;1364034413.02035
21;29010168449.0858;9310429150.61293;2741953198.80029;1351951822.20868
22;28962182626.0539;9273431781.62655;2718991258.09663;1369635898.8228
23;28894588632.6323;9246775305.10268;2725590117.32043;1348271763.73067
24;29019621974.4342;9308145537.88419;2722656610.61249;1367133794.86075
25;28862509273.4024;9280776041.05871;2735133272.01817;1357610566.76956
26;28861559644.6532;9332171282.78303;2723906646.62991;1355329213.43633
27;28859194499.4075;9264245282.50065;2714752494.8465;1364461160.28669
28;29072463461.0319;9313412385.60315;2716718686.16512;1347974129.3261
29;28948117391.1813;9315097360.9121;2707206388.09478;1356006790.46253
30;28845177946.5783;9333155111.39539;2738362996.28266;1385779408.7893
31;29009529321.0224;9282513088.35999;2689452665.6033;1374997172.455
32;29096137074.7686;9310669393.51483;2762094236.24608;1355290202.30237
33;28886237449.1439;9294696278.27003;2730037012.32617;1349398471.6967
34;28625416161.9949;9288826737.8946;2751736771.57733;1356462811.13816
35;28916127438.7383;9258957057.02558;2732363656.47042;1368881126.25882
36;29229619068.1447;9272186194.87771;2709517705.01975;1361757321.95157
37;29071360959.4545;9281567138.39951;2767050618.904;1364579779.53708
38;29217644357.7286;9274035965.25586;2720242343.80586;1378098739.87394
39;28829445884.287;9298571524.10339;2714691532.94365;1384553600.79793
40;29023356826.9364;9281135110.45669;2682228572.18212;1353764458.68678
41;29167409162.611;9322608066.17155;2719242050.25786;1335697253.55539
42;28781041087.2711;9304609937.13263;2730729569.00483;1358841710.57136
43;29000379832.9599;9272031979.17773;2745297684.77619;1377326348.5211
44;28625160044.1377;9310156488.09091;2725320412.97138;1361206887.50315
45;28953814873.2892;9297957721.7043;2716685598.24167;1358814394.92253
46;29210009288.6424;9272440621.67422;2742672284.18845;1359644043.71293
47;28812912591.6831;9297065860.00642;2718996620.89173;1366145630.22025
48;28797547063.1669;9263790971.15761;2717216160.58057;1340498704.60942
49;29016395789.9598;9257482676.89491;2692028650.46041;1361847777.70507
50;28890013817.4607;9304668985.28775;2722194007.83079;1348466400.15019
51;28704036279.2833;9286928498.88502;2729221916.39457;1368490760.3878
52;28926145049.8962;9303728938.56851;2742989326.14158;1369010314.70836
53;28997877375.9622;9293852994.14233;2714271114.67761;1353582857.07294
54;29082899486.3774;9327507715.99848;2733154809.48352;1357466097.90349
55;28789248849.4573;9275338849.3422;2751280649.59752;1369861541.48794
56;28798437609.4354;9332082591.1573;2738132005.82956;1367914492.8111
57;28966718870.3038;9250748833.36831;2729473345.54336;1352554510.51103
58;28856182550.1705;9283257006.86826;2751572686.14273;1361899919.60514
59;29033678019.0553;9301935310.31583;2761489060.02967;1374796121.14448
60;29022787290.9776;9318740238.2371;2735417526.50642;1375702892.46607
61;28740427130.2334;9275577013.42055;2701069101.69375;1357621394.62067
62;28918692171.4354;9299774800.49435;2701072948.94576;1380850131.52496
63;28853871704.7535;9271351784.23;2718593860.90767;1349139626.79596
64;29133801385.9468;9254699063.18252;2723164188.6184;1364016502.2234
65;28894027335.142;9312035266.68552;2745905149.36702;1353594563.47103
66;28928520236.9919;9268660878.76424;2778756289.99379;1365395876.34026
67;28713294689.9325;9289736552.91447;2780548588.87069;1347038672.02869
68;28871617974.8054;9277872406.40616;2741621486.6016;1356628735.9647
69;28884008631.8787;9321764235.51117;2738087283.38327;1355429603.78715
70;28928143941.8601;9328391353.38757;2735582165.75872;1354500607.26516
71;28540379756.3106;9284038142.62643;2730046166.76575;1348742034.56233
72;29048153928.8844;9349097198.14254;2724688684.35922;1368512127.49144
73;28946998227.9556;9318218701.66763;2698382267.54793;1384226260.99366
74;28918077665.3434;9246486783.33349;2746903736.37479;1357505917.99773
75;28749918551.3461;9284500038.05131;2741132881.51455;1364276396.10201
76;28906477818.7066;9302278980.97772;2743057195.17523;1367311376.74869
77;28852229442.334;9327079040.88721;2730880645.87266;1354172230.32684
78;28953972451.7611;9293985682.96631;2728883285.9497;1363296395.22354
79;29042397934.8289;9306205506.05378;2735955883.24239;1358049302.39077
80;29149683479.73;9252636639.97248;2728011997.91475;1357837766.50935
81;29018934425.0271;9340222773.72842;2712829541.3675;1354078601.59869
82;28771956217.8647;9302725551.41087;2716818891.33087;1362614905.98891
83;28782352627.4971;9300201215.70125;2742871066.66972;1333732251.34428
84;28994500025.6738;9264226945.0431;2675597187.79093;1368445476.65819
85;28815643990.8852;9321168828.4771;2740180274.22173;1361084273.12413
86;28996191781.6287;9271821752.67155;2739350103.8781;1365183882.26037
87;28978677921.8178;9270514877.22748;2743032666.49614;1344813291.062
88;28732523128.4967;9294094900.32498;2723237560.40762;1345125220.24783
89;29085165618.7082;9299700407.00142;2732367006.45177;1376593481.71222
90;29293950495.4738;9294656682.62289;2738606583.47527;1351229925.86311
91;28958415003.9044;9299856619.64592;2742437479.90272;1349837882.57768
92;28807928460.2944;9285954242.20955;2779237908.93257;1343756902.61659
93;28940595965.1275;9305086952.62816;2731502497.92923;1358460896.26156
94;28861118052.1826;9285148981.82308;2720777350.71306;1375243316.29072
95;29001324966.4638;9283693758.54712;2703637589.22431;1343496345.85639
96;29020143563.0337;9264969899.54494;2777292467.39646;1372267944.97764
97;28766011217.0734;9283418554.42118;2706932758.9764;1354719766.69495
98;28915939250.6798;9304549219.65989;2732599419.89739;1351452605.23144
99;28870981685.0929;9305652177.93914;2775352537.98685;1348008270.3247
100;29084167885.7143;9289258265.45566;2741999664.92002;1342638474.03217
101;28806777218.091;9285583266.46705;2763245575.15313;1361358373.01237
102;28942321647.8433;9296635620.42277;2710001406.3456;1361435419.65163
103;29025094033.8614;9327925334.18485;2680823259.56422;1368151302.08366
104;28671377571.4441;9279307106.88851;2754631343.50585;1371802040.908
105;28768066632.754;9353005226.11341;2719324931.07482;1366073514.07576
106;29023193851.3203;9284410137.53719;2683568066.01333;1337845297.4272
107;28981198341.7574;9294002207.45116;2696292520.65456;1344280548.09712
108;29013430668.5869;9310570037.02378;2703024053.31697;1360196668.15404
109;29060486245.2227;9284168849.80285;2712805556.9051;1350708364.34739
110;28890567959.8012;9268667020.31927;2742662984.82069;1358606718.21746
111;28847330314.8444;9283715432.33607;2751568144.61298;1347730645.81603
112;28873558029.3922;9305347120.58331;2720356848.16967;1366129786.37786
113;29082040730.2889;9271862680.058;2734276738.06362;1345261251.62187
114;29081888130.6296;9270502547.7726;2725010214.80658;1371717885.16153
115;29218002886.4135;9240259561.45772;2746155022.82128;1359583102.2385
116;29073188866.3204;9269827111.72509;2754953873.27384;1364204498.15662
117;29054646466.1836;9305563279.2444;2722111094.10288;1357933330.24778
118;29014182959.7902;9266200649.53046;2716260543.62848;1364085310.61926
119;28759194647.4272;9283928867.97573;2747242402.06284;1333868797.08877
120;28852035708.3928;9298927352.42113;2777291819.91043;1370157307.88526
121;28924976691.1539;9261365490.5193;2703768588.48891;1347768891.78892
122;28912460235.4847;9265192261.53192;2779172942.96027;1346875783.38798
123;28880857286.5998;9323869816.26685;2752896827.816;1371837235.21875
124;29094089354.4726;9325951949.24098;2720341488.52495;1355073666.84794
125;29016700657.2336;9273783586.3567;2764088099.16157;1368548501.0333
126;29042654979.6338;9295675692.06891;2762212010.24179;1360244363.84853
127;28849636336.4477;9301629234.80531;2735367446.89157;1363134156.14068
128;28891094593.554;9332260545.00904;2684483256.56312;1346646366.32406
129;29028599082.5072;9300160093.30575;2727912396.19852;1358649136.36113
130;28621175371.9264;9326059070.43828;2700196988.10685;1346598322.31171
131;29042465601.4461;9292037173.71415;2731947111.30316;1344087482.93276
132;29151275244.1905;9254341640.96889;2715251062.20415;1349902947.24613
133;28728657396.9725;9286168152.98227;2759389057.39121;1350911087.9286
134;28857103295.7135;9295750675.39047;2721824657.51185;1376704096.74128
135;28985259187.0321;9293974963.83353;2740425025.91727;1357029869.13639
136;28789780878.6421;9289827901.43063;2735660485.05717;1361509665.31182
137;29089272877.8504;9308570221.58745;2765739722.84986;1354551481.24921
138;28829151303.8728;9263583380.46406;2759583257.37565;1350973555.41209
139;28894237449.1697;9274310385.30841;2685016801.06506;1364716574.27652
140;29150351182.3067;9290283664.01099;2729134932.23112;1368768697.21264
141;28697786585.4539;9311355844.71355;2667820599.12218;1340102871.42612
142;28598669869.8127;9312010320.10785;2741097158.8816;1346917222.01404
143;28751524798.7206;9285223478.91867;2750016354.16337;1366054880.41384
144;28863772474.9859;9299102025.9968;2728182052.82873;1345093055.1008
145;28904200463.8378;9325731795.77677;2749250430.47483;1375924740.69292
146;29089142885.2458;9307842888.48845;2728780753.47853;1369117540.12637
147;28924731829.8502;9317370036.04878;2766209478.62785;1361020076.03875
148;28820025629.2216;9270541153.87332;2714611942.02372;1368614429.01014
149;28647092029.2074;9309887118.04667;2746089079.11764;1378694106.38193
150;28867502795.6064;9284494564.4623;2711006549.94383;1338726382.36952
151;28932572228.7131;9305500900.3367;2712775562.06024;1354043806.77365
152;29159033366.4992;9261957002.17934;2717797628.93326;1359351182.28971
153;28951884344.1989;9270248400.46223;2687709885.46056;1357870514.34127
154;29059804983.3868;9337569472.08625;2761264115.80601;1360247568.39896
155;28941683886.8353;9269585640.18411;2754402370.26813;1357157380.56233
156;28641002778.951;9331196920.68994;2714129384.40384;1363436702.72786
157;28813162896.3951;9338106075.32804;2733728838.2331;1361481717.03332
158;28991021665.5888;9308244701.03484;2733219716.95448;1367942011.40649
159;29145403410.0945;9298641725.57403;2760191843.65178;1348537138.66636
160;28961480311.4141;9255019795.30014;2719122712.76012;1360854008.24326
161;28824808422.0964;9278457645.2168;2713462086.07109;1364657484.57941
162;28995947141.2003;9306345858.88503;2726914021.27992;1369269012.72607
163;28839340430.1628;9330293708.09831;2726360556.40533;1355061044.30817
164;29059965363.4429;9325807537.43249;2717499410.43711;1365944124.9173
165;28977646574.2485;9283086635.03309;2740773282.21652;1355031846.8955
166;28941699236.3044;9274773354.28709;2716322085.29435;1350177576.46186
167;29022747070.5702;9305198311.15082;2697880081.92039;1360342373.91964
168;28843839372.8452;9298258238.40948;2755122806.69596;1344447542.81342
169;28829052610.6913;9284016767.53546;2774876012.93667;1358302200.98269
170;28685661973.8199;9344520337.9147;2734212535.43908;1365739805.79401
171;28901620578.0351;9343180157.0214;2772328522.31996;1347913260.5639
172;28723366396.618;9266610055.17928;2753613282.95585;1363029135.5048
173;29071075752.5568;9298626774.71816;2705127034.70714;1363017348.57141
174;29154615508.1929;9300668102.09014;2694185888.15944;1353722037.70909
175;29066547545.2021;9273962650.4853;2702401030.00574;1360597440.48995
176;28966994269.6749;9293384206.60725;2762593508.13808;1361306838.23833
177;28808381649.0883;9282967725.57714;2699878829.23509;1365982268.24543
178;28999217120.7687;9264062281.96081;2782943690.85429;1350645699.13633
179;28855588262.5836;9304496386.24564;2789567288.73482;1360270943.98484
180;28883319517.1942;9278580537.78718;2735259246.86719;1349579698.51981
181;28939356025.8159;9283308276.53231;2732860542.81965;1358245120.40151
182;28806213752.6497;9259152199.75093;2728458704.7426;1361806537.68919
183;28864833384.533;9273698530.40455;2762379324.32923;1356291497.39788
184;28805758233.1087;9330752315.01118;2693286633.29998;1357038546.30826
185;29043171301.6576;9300072759.60216;2756625084.12014;1360290627.74293
186;28777286262.7379;9306179539.36671;2753634649.98071;1366126996.92501
187;28803643933.9331;9298486751.72177;2698699447.62248;1343194102.34999
188;28941343028.0487;9310963619.58464;2737434831.10145;1366618469.51783
189;29019295399.1661;9287485042.58047;2741177001.53494;1371125588.69741
190;28816483577.4367;9276656437.98793;2734084077.14382;1375117936.09882
191;28952119504.8069;9284543220.46555;2681846863.91259;1340824175.59043
192;28762071699.6522;9279436815.60932;2718157849.9355;1352514488.05604
193;28846068383.5264;9249897763.64916;2703411584.19708;1355021366.2428
194;29009963288.1991;9284330259.9389;2748313489.34914;1370870301.63741
195;28722411065.5199;9293284237.50732;2710178691.48439;1350655061.22207
196;28947990185.3758;9297019406.4894;2748226241.89612;1353737773.19079
197;28920713041.782;9291337714.97425;2676566403.42898;1352312076.73909
198;28909674406.9767;9267462639.26661;2713351973.25552;1371234520.95845
199;28882730148.4115;9301649888.55736;2726903905.33278;1337822811.6319
200;28871484279.0449;9304769051.22545;2768403667.09042;1351429257.79108
201;28872412134.3379;9296139092.47933;2677037957.90548;1350120050.71376
202;28920782171.5785;9268224568.17607;2732693483.40471;1365237753.00432
203;29047198546.8321;9335644768.58596;2718586129.16187;1346382170.58862
204;28844453866.5583;9282468241.22997;2757719879.37961;1353480734.70751
205;28985341498.9404;9289424089.73078;2703358253.70961;1367223789.37345
206;28868064007.2033;9320478320.35612;2714443266.27039;1352198754.99457
207;28879723989.064;9321118359.79552;2699672230.51147;1355043309.66968
208;28928465027.0958;9277404829.34727;2719597259.16684;1363302523.11339
209;28929427578.6552;9315177734.84755;2714575576.68399;1358726928.49538
210;29027700156.108;9272013626.70148;2694984268.64459;1348102164.84838
211;28983658764.6344;9283695791.35133;2793130607.43143;1365758918.93047
212;28934429730.5049;9313116661.46165;2729588896.63517;1374598982.13755
213;29098589506.4784;9311402157.72415;2714444058.00933;1355988808.87261
214;28949045914.7796;9259629323.90993;2687240268.80922;1347530343.04693
215;28903194970.3945;9257606616.29551;2689250504.92173;1360406745.81436
216;28895952496.2497;9297903877.24487;2700897296.23291;1370876446.62391
217;29007095213.244;9281890368.9948;2738261013.19883;1374285210.94535
218;28806429639.2717;9272380233.54589;2748986533.43876;1351374473.12748
219;28889716556.9579;9296573664.64273;2766927723.18827;1377453873.65085
220;28716341612.4421;9300309073.35124;2739004487.05908;1363361665.45062
221;28930778893.8953;9291257124.13521;2725946314.61686;1345136962.31422
222;28995537409.8702;9342183996.03924;2742925542.21293;1356584380.59742
223;29096378398.6796;9324784908.74933;2721620040.84575;1362630983.06034
224;29011021076.7166;9278191787.40215;2763234995.95614;1366377975.81369
225;28892308490.2677;9279085170.8075;2727062582.28772;1370040949.17856
226;28835451727.7453;9290383903.96961;2718746072.4381;1361242664.95788
227;29107903518.5585;9301251681.09136;2700908120.83965;1368622489.74741
228;28798535696.44;9288696433.08532;2744897423.75499;1361014821.38814
229;28757591694.5146;9273422626.91077;2716644008.97015;1354292892.60576
230;29056011105.0644;9254981344.48103;2710523129.59547;1356678395.15961
231;28853850745.9606;9308183351.57699;2715237661.10122;1346958797.84343
232;28888904867.6247;9293258448.92538;2745495990.167;1352064790.39921
233;28938109163.6654;9287250836.6625;2729424836.12886;1355221257.01246
234;29076380534.9207;9294046074.5088;2747169069.29041;1370462642.42103
235;28782796464.2262;9292281448.67425;2708497746.7143;1354567215.805
236;28963491923.0549;9268429634.54012;2738148223.22909;1364374920.46373
237;28740349435.8113;9305194249.69988;2736692712.76277;1340196700.32211
238;28989724320.0333;9292931423.7474;2730415367.46666;1361625387.6441
239;29021059111.2315;9297338398.46909;2743941768.37487;1333873948.39201
240;28886950990.5658;9315000220.40246;2737163658.32694;1356795676.2603
241;29021758475.8167;9275063876.20837;2732288194.79127;1349760015.25307
242;28997862114.8649;9300037758.29841;2724191178.7108;1342895716.32718
243;28971048988.7352;9259006822.97344;2735830665.9563;1352668960.90896
244;29241996892.9245;9309453382.35693;2726753843.46721;1341166684.90881
245;28976984472.5949;9303593478.00731;2714936030.66874;1341094341.79555
246;28861922600.3919;9258702816.88427;2684466871.99229;1354648913.92204
247;29043593168.2044;9321518562.43189;2748767133.24099;1347795247.38888
248;28979220677.933;9269848740.99406;2716990226.69472;1357195383.68878
249;28986780095.7711;9288547450.91574;2685060019.89446;1358597729.10311
250;29087659004.4206;9290244209.34971;2700710529.03788;1375027979.81874
251;28891835541.1294;9277905221.1722;2723880926.11085;1360096801.76571
252;28884728163.7304;9305489814.51986;2712109743.0655;1372536483.85561
253;28961415730.1988;9273757864.15742;2707679111.18883;1343331598.85089
254;28716614706.2661;9298346813.76974;2698295601.64065;1380475513.24285
255;28880352077.1684;9264240055.41685;2719630264.14278;1351075727.84765
256;29045767157.3896;9302788708.55682;2736106463.90972;1372579464.5311
257;29127627648.556;9299039545.09782;2728518457.99551;1378370537.2272
258;28929876369.6622;9310660616.15105;2704749972.99662;1368954181.32013
259;28920411216.2608;9308953765.87869;2711062803.17015;1355826595.89372
260;28934351462.0312;9300432153.51363;2759409002.28025;1371095939.32732
261;28834746243.2186;9284360809.01693;2716939829.5641;1345476276.53943
262;28833260257.0622;9320429634.82717;2737808878.76404;1361449141.7045
263;29322519679.5199;9270280484.60617;2750337984.36542;1366003146.2802
264;28930638519.23;9309367960.25246;2687478944.51586;1356765830.14577
265;28995697936.1666;9305802411.12506;2733298940.51885;1352769572.09781
266;28828881516.7432;9287655282.76901;2736504616.35558;1356005371.42615
267;29042595295.5569;9315471980.99128;2754425505.97521;1343037430.10408
268;28508662630.5442;9293918759.53535;2694101656.38014;1336805691.92553
269;29137825633.8288;9320914604.63539;2711298597.37508;1372561307.17813
270;29113966372.9962;9303749582.90763;2773142296.06851;1360500732.85765
271;29133868003.4277;9282178274.5611;2700902186.68469;1353156022.93874
272;28817129676.1696;9275881162.63173;2748841643.75893;1376246251.45509
273;28926839544.3548;9273064563.09502;2714485762.29084;1368334501.69343
274;28601383528.4849;9300177867.91473;2786006601.75407;1351528068.87447
275;28974930650.742;9269896944.78011;2696792230.27737;1343611403.78762
276;28805879917.7012;9265193277.253;2752626173.37742;1365329556.01593
277;29118725998.3662;9325994946.7697;2727068530.65014;1355575526.38924
278;28924161856.71;9293980779.87548;2745725704.03583;1377480121.97378
279;28908761205.2382;9244775336.99696;2737608052.22083;1349051633.16303
280;29185923884.588;9255731984.94798;2744516828.08998;1356009931.61187
281;28752547632.537;9270588803.03855;2745026355.90907;1365476057.36268
282;28793378795.9203;9314722692.41321;2717030799.71173;1362659799.51125
283;29010686255.2031;9294538014.35409;2752563299.85734;1348755406.38755
284;28900719195.1664;9290499526.12051;2755905409.39694;1368529117.32574
285;28815568590.5583;9297220522.23438;2691594648.12419;1365944803.34282
286;28825344720.8415;9337963736.82351;2713627009.78115;1335401264.24769
287;28878634639.8183;9300129005.49465;2761099827.13866;1358404704.7156
288;28896446508.8249;9306253293.23385;2743027616.55538;1368130739.54943
289;28765539647.4592;9319274514.19755;2710543248.59629;1350827648.88993
290;28933375046.4529;9300607897.14639;2739018945.26032;1367210326.45574
291;29002845287.5153;9285907804.39034;2749993179.95906;1369467705.40356
292;28982287864.8225;9320814220.69982;2714253606.82866;1354537012.48282
293;28920204978.212;9298180939.15183;2718805144.54295;1350972333.57356
294;29217706479.1912;9286344448.16792;2700150528.79534;1354387596.79589
295;28963988847.371;9280417486.28813;2735386852.49627;1362048479.42585
296;29034699628.5503;9285641042.08364;2726754956.75078;1353305247.76835
297;29062463027.871;9311428813.34795;2758696378.34962;1358588296.06687
298;29035671433.8551;9314046709.78902;2699053604.38259;1367089802.62928
299;28906110381.3112;9283879574.28605;2713081945.24613;1352542451.44864
300;29160920010.9666;9267374123.63374;2752690195.21488;1375098034.09322
301;28955323204.2438;9260825340.04327;2724120611.82827;1372383306.48395
302;28765359669.0815;9316005703.10241;2730910562.92471;1360671542.29591
303;28777893783.8871;9279958262.3044;2765715077.98408;1352722901.16116
304;28809369983.5783;9276211998.33915;2724261165.60392;1368216732.30033
305;29094249883.6507;9280933265.07531;2697309715.89463;1371318575.48529
306;28714976448.5396;9252961714.32366;2727366684.07838;1353340709.205
307;28794592220.7884;9292625226.84358;2737864544.91764;1360921632.17772
308;28944430630.0508;9272973382.88195;2760591503.72561;1345796584.85842
309;28836192042.4978;9263352535.94295;2730711588.81908;1366775918.07798
310;28718902355.1792;9314338198.77297;2707809444.89678;1339857855.13878
311;28817035532.3432;9308572589.53999;2718297255.75151;1339052253.62052
312;29108337075.3583;9300935628.34001;2763267623.80858;1343823882.14
313;28653619670.9777;9249136011.05036;2701415801.6332;1366908733.08861
314;29112066379.6646;9261851009.9978;2709881211.49088;1353218156.95621
315;28992469402.8569;9333374392.8794;2765814446.43983;1374064216.69515
316;28762867511.1553;9267704455.1015;2756706264.48408;1354736640.26844
317;29056224583.4791;9327970614.65805;2755508031.19247;1355796564.78043
318;28918350728.3271;9357714075.45231;2740739817.22518;1355659713.33738
319;28922891692.66;9315034228.4012;2776762332.06396;1356421724.94234
320;28939732845.8512;9323340573.21143;2749993056.42453;1361912467.43312
321;29200632491.9118;9319620581.98827;2770326082.95774;1370844270.87895
322;28971793615.3407;9294661256.98242;2749885000.51668;1347336805.71074
323;28677196889.2652;9250733833.80995;2702763671.93599;1345453363.03594
324;28717702578.5457;9297256720.13966;2756082918.87295;1338840409.69129
325;28917806317.4399;9287528794.33924;2719388790.14192;1372542532.79242
326;28720842348.6223;9309063312.46048;2717233185.48173;1365440346.56979
327;29115999204.945;9268282289.19961;2713522714.62634;1347200782.74633
328;28838524337.7636;9301577686.06625;2697554819.23731;1362854450.86116
329;28887183279.9458;9279472840.88586;2770205932.66431;1350568100.49284
330;28891540336.0741;9296773627.28604;2693228640.32605;1369711009.8424
331;28821177565.3244;9285555147.4306;2731868082.91885;1358312443.35682
332;28774003978.8639;9253785345.16804;2746130260.50646;1367613837.82215
333;29032888112.3753;9270823938.14353;2727199165.54716;1350159595.40219
334;29105754957.6504;9295520273.54062;2749178755.01271;1358965119.55185
335;28937851702.7152;9267807818.57286;2767816572.80395;1361697826.02776
336;28678103347.3027;9276940990.80812;2717906359.24951;1363144190.62911
337;28710593376.3088;9311345271.91238;2723575119.06431;1363852360.67611
338;29185145157.6507;9272269257.61113;2734253461.06659;1361129557.36516
339;28687184157.9027;9253812622.70984;2720408490.44955;1354017158.38558
340;29018407496.0632;9267965302.88412;2728934313.349;1359317808.09153
341;28874717864.1684;9304688298.68834;2758812367.84057;1352950665.05454
342;28807341937.6213;9314837684.42168;2716595399.33262;1365166807.89618
343;28907364139.57;9236462343.78784;2741555202.6245;1341891825.76724
344;28709581025.9379;9314109638.15521;2753399174.84156;1367805114.93947
345;29062117178.02;9314982019.56468;2744445151.21615;1367121113.45901
346;29073166741.8569;9323657896.02463;2720898150.07828;1347351893.31426
347;29077939571.8805;9282993055.29142;2809487041.3007;1370318960.36933
348;29107723856.6869;9320378684.33271;2730127428.82408;1360567052.44926
349;28955336893.169;9284945580.42814;2703899877.94799;1359608641.65516
350;29102674918.1935;9297714805.49521;2686688042.53132;1351991109.66079
351;29021354820.6369;9350753555.54312;2741192040.17831;1347048507.95046
352;28944134554.3579;9315147858.69689;2695600913.31898;1373619758.10488
353;28992508153.4123;9314165041.48095;2706576231.25563;1368597684.86807
354;28747471998.4102;9286777994.28169;2793850208.59729;1373370788.54427
355;28975573386.7913;9282742545.37154;2731690002.52533;1371456238.25395
356;28917738175.2096;9261828429.31355;2753643048.97374;1353646094.88729
357;29046188417.9028;9233173834.4542;2734367936.68185;1376171089.86315
358;29185418858.6289;9286680554.47142;2714448010.19052;1346218760.02565
359;28739052949.413;9306652914.07802;2735600485.09689;1353867935.92357
360;28740082436.0021;9288971780.50162;2716388022.27717;1360724386.74505
361;29068686512.3672;9282325390.4175;2792377223.52358;1372660966.16335
362;28912478307.06;9268767939.35091;2748481147.54247;1350203184.42445
363;29015567292.2764;9329134128.29597;2737434788.54807;1372160070.79287
364;28989625822.206;9339343256.63002;2689210299.70538;1378637126.74519
365;29004906485.7063;9288955177.9814;2711782862.9855;1365306642.93151
366;29023021588.0571;9286060534.72723;2740603371.59037;1357661198.45117
367;28924796550.2666;9331044190.5464;2732586447.56987;1365750513.23759
368;28794353818.6735;9305674538.9254;2762399925.24155;1364284948.87133
369;28993993623.9615;9275297239.10195;2725337122.2736;1345005890.11837
370;28840053304.2776;9294116190.78364;2727967905.50917;1360123426.47115
371;28805427144.9703;9289169316.57893;2741322792.28354;1345010558.91948
372;28917007964.6673;9290196081.38789;2726061295.67616;1365411409.49459
373;29091999339.5245;9295005947.10855;2726561779.74055;1358646659.91193
374;28888298838.3803;9291932966.86606;2739497899.69131;1342376040.2163
375;28735015153.8683;9285716014.66023;2732020720.27537;1352333038.73821
376;28798925983.6407;9331073486.33763;2750251892.92698;1359574199.25228
377;28703678265.6896;9318583011.89067;2776889842.62897;1363433133.14292
378;28937786158.8272;9277300738.77313;2724463489.74804;1336929389.33725
379;28836311431.7899;9263021767.47325;2746598543.00744;1356279928.5128
380;28857901853.8589;9299427385.1632;2751373760.9077;1363601405.45598
381;28872045730.9138;9314066273.13253;2722592892.93624;1342154419.47331
382;28986740952.7569;9294748364.92542;2744047189.87884;1359843523.46069
383;29000398480.8778;9270839581.1736;2754172066.07063;1367743113.49817
384;28887316957.6733;9277712589.6948;2727797626.19071;1359313070.47286
385;29007257866.9595;9307799219.5195;2732569667.56198;1348488546.31953
386;28913809080.3556;9291352655.92565;2711989757.69836;1359055602.64872
387;28854216945.9903;9287459755.11469;2716543932.64748;1352820844.05618
388;29061876414.0981;9305627684.88837;2678912988.68612;1346151282.99297
389;29045546145.9403;9322894065.35745;2700547284.65343;1354536606.19018
390;28792763367.3534;9292305776.03416;2746055361.54956;1353750728.26785
391;29092687363.3585;9274883258.59238;2721929210.09696;1368455639.51119
392;29000978538.0192;9305441522.91368;2747245526.71488;1336029344.85863
393;28995641737.371;9316978050.76808;2766400565.8435;1370480574.13129
394;28799778565.7892;9300560730.7532;2760667030.51676;1359204237.20026
395;29094596380.7836;9310645692.49765;2751337158.47023;1362948314.36164
396;29029410242.5117;9298080738.38007;2736398527.84433;1343883028.26179
397;29096715185.5678;9276028201.68573;2713909723.60975;1351954256.15076
398;28760214411.4087;9253093359.75978;2713264653.25881;1373782055.30329
399;28858407055.1288;9304029095.36325;2751056568.89651;1348461271.53104
400;28702490813.6704;9324557461.2537;2747523986.94614;1352821558.68209
401;28910097995.494;9249866858.6036;2774639548.39258;1347043274.58886
402;29128805059.6144;9320464264.23048;2764758578.19969;1349663117.0151
403;28883807948.7538;9299655892.78511;2723572417.48154;1346158649.87379
404;29116766785.7927;9312494157.6536;2736020550.67214;1336889719.1477
405;28877125558.5457;9292840291.40015;2721705539.8251;1340869387.86211
406;28940599273.5868;9287886374.1316;2752086861.00571;1369352016.60519
407;28873111361.8092;9310915514.32683;2684873595.36801;1362118000.6003
408;28988234464.9512;9299733509.11045;2773512425.52273;1354696547.48598
409;28876313171.7316;9345807041.11049;2728335906.34088;1350153543.75545
410;29007650273.3826;9287710925.30629;2745981156.65036;1356272166.46847
411;28890049996.5327;9345724176.07287;2747023668.03922;1354348204.10331
412;28966349932.2094;9290453931.11634;2737844805.91316;1346733901.93403
413;28779653702.7152;9265890847.54662;2696799436.86705;1365446817.18835
414;29017876741.6117;9281141378.05321;2741988227.30408;1362841995.98314
415;28804813343.3218;9272591134.19719;2758415241.22123;1359719043.97769
416;28805619854.7465;9303919774.18846;2696422112.33723;1369353558.78522
417;28734167403.3835;9306137693.01761;2763501125.93148;1375270764.65612
418;28992389878.4544;9297031538.25989;2695553521.14832;1369477640.24406
419;28928579365.4019;9327187387.94299;2766276723.63845;1364610346.65896
420;28799759673.6244;9306479389.25266;2750380410.33929;1356149225.03822
421;28855814048.1342;9297470631.05476;2778400673.06436;1349026278.11149
422;28646862989.101;9288521719.01797;2752239808.5922;1352143343.03552
423;29073323259.4053;9291383184.85066;2745932796.78847;1367011720.86629
424;29240381823.5734;9319802884.58788;2746696157.28625;1359745818.81343
425;28958113345.2276;9282185128.40834;2711698763.20469;1343217210.98008
426;29147616156.7637;9304256756.94983;2720991813.79223;1357798604.21588
427;28952120740.5684;9308171035.82337;2783897265.51846;1351797197.02194
428;28794975311.9588;9307244483.0535;2747456791.58914;1342564872.63691
429;28799468753.243;9316401681.09683;2719088684.51533;1359042114.31271
430;28937658045.5604;9290924560.85428;2713648784.69382;1369165210.79647
431;28967550418.4316;9288705944.9081;2708392916.3103;1349845329.83059
432;28956455424.962;9314328803.71599;2682252748.67771;1356046323.83992
433;29062447984.9801;9329816984.22222;2777022608.14827;1352806850.56497
434;29099201606.9081;9301373263.28467;2771942624.65717;1356090856.00027
435;29111387796.1697;9322687395.04807;2730205044.99481;1367293405.36696
436;28868153540.9641;9292603848.76115;2748909643.48165;1357963721.89917
437;28988579802.7549;9278094395.41043;2747518957.6077;1358071007.42412
438;28884589621.3663;9301417108.07242;2763843784.54102;1353889627.21949
439;28935650944.2763;9310828887.65557;2764115558.48485;1344592609.20672
440;28951055881.2987;9251146405.87413;2718128158.0392;1358739972.58059
441;28889367285.5733;9317592904.19752;2727905974.70561;1361783636.30943
442;28730233600.6821;9291119885.53871;2731703506.10921;1373380716.78324
443;28816040509.3517;9269615354.9417;2742479354.91657;1355106018.46417
444;28817767301.8657;9251962450.48341;2749462263.01734;1359207290.1691
445;28882635876.8778;9253370793.26397;2715063214.05976;1358316332.5825
446;29035465888.4537;9288898258.76562;2738039276.31042;1348241889.38028
447;28875691696.1932;9299671475.27039;2702813155.16634;1369145091.40701
448;28947621049.979;9315018617.12318;2747029580.67787;1368935579.32751
449;29097420269.6872;9295405651.6974;2724372573.99547;1349398880.80298
450;28960895101.618;9321886573.76567;2736027808.47291;1368203400.05905
451;29186609768.9385;9276913566.8879;2768398350.53318;1367863513.44149
452;28930472340.7062;9276604093.72541;2765866186.09267;1356387289.67319
453;28813836182.4094;9311304361.06837;2751022974.67234;1371239019.31868
454;28942181759.3645;9267893192.73124;2733166177.72803;1383450698.98291
455;28933003946.8631;9349397694.05382;2723133064.58158;1347328503.75663
456;28861328720.8704;9276293142.42146;2753657439.03662;1352838729.69727
457;28847069654.5979;9282364116.53535;2750360448.38489;1357394898.17047
458;29077629576.3257;9298627019.4681;2748376113.56989;1346856640.48408
459;29115411214.4195;9301971028.19721;2746528496.87072;1363897682.55638
460;28998335381.6929;9282390383.23065;2709766010.51781;1351619814.38604
461;29051518649.3256;9313315436.99767;2707623317.71833;1359922912.80626
462;28879004689.0481;9326610521.52024;2744772933.8809;1344588552.63467
463;29054234026.8325;9283816084.37626;2739710384.19679;1366854111.07125
464;28927549605.48;9281431683.26693;2734150947.14012;1363052853.01482
465;28979016108.9904;9329983126.22549;2757458822.1993;1357287010.9263
466;28809462146.2687;9319691130.68749;2717014366.49344;1356267030.4723
467;28918952198.7018;9268384185.89449;2731167756.5255;1361294644.42957
468;28927942522.5117;9264354974.5074;2714950991.55766;1368374842.04147
469;28974604309.5742;9286946300.67139;2700672709.63793;1374410964.69905
470;28974176226.3479;9281827661.45098;2727535950.00744;1364948335.71068
471;28987132413.1599;9294074497.25894;2759630019.43205;1357662705.30218
472;28727883743.151;9277130303.80489;2718087781.40039;1351033588.01866
473;28958993772.9739;9318138484.77113;2771943348.12081;1343625319.80308
474;28944926337.941;9301671642.25295;2697107979.37549;1351201928.07057
475;28929776251.238;9315946071.58944;2737682641.25778;1346903306.96941
476;28852366153.9768;9310612450.26851;2719803779.45139;1349147062.36629
477;29095628136.994;9285251425.94248;2723857552.88173;1352315618.22687
478;28786974469.4586;9315260368.87261;2758399092.68351;1354466218.58862
479;28660669602.0411;9292815606.18072;2762931038.32608;1355627590.75344
480;28913740344.6043;9316537686.5568;2749675908.08733;1353520734.08572
481;28971497467.6567;9290617949.70836;2730919320.31319;1349547399.35785
482;29002154552.7339;9260538372.97148;2739955688.99115;1363152774.11676
483;28899269796.0407;9323858839.27731;2733764967.89153;1360055480.99308
484;29166347134.5739;9272144317.55258;2712180024.77496;1356647868.85091
485;28928162947.5387;9290997727.66654;2711458414.07869;1365968923.84327
486;28946825883.6643;9232617106.33208;2735252839.55912;1340013682.24442
487;29112535923.2006;9298143901.47522;2752880954.5486;1356763662.61192
488;28723875334.4891;9277877906.74951;2765063173.42255;1344938392.52063
489;29140549495.2433;9307018738.37631;2715844891.02086;1343915434.7177
490;28780743218.2938;9277674724.79786;2733023668.08638;1359634025.10158
491;28887063615.8186;9284974026.7884;2724074723.99865;1353232526.27877
492;28917591755.0372;9285909854.73923;2727266196.97426;1367372797.39711
493;29135434905.3192;9281724329.76296;2685086036.49712;1360950529.13893
494;28781553278.9297;9252987345.3961;2725161951.19079;1356619448.7045
495;28994212346.8856;9276341654.4015;2753168110.07218;1355469480.51087
496;28746550111.1927;9309994365.40156;2729835312.06032;1378860823.07897
497;28763731154.2473;9286397901.90701;2737879589.38131;1359845453.95378
498;28752841112.5981;9313811285.786;2677529900.19079;1367564004.93164
499;29033467185.0756;9290089404.4942;2718181811.03643;1354941324.15323
500;29118359512.3161;9295640858.88096;2728125671.67115;1361215893.8446
501;28633674889.3505;9303271102.74519;2755263429.35536;1379010118.81145
502;28841224189.9692;9266364498.61165;2726292212.05001;1373651417.98924
503;28991855741.5826;9281493958.53768;2710097683.27124;1370063916.38843
504;28967028753.3908;9301076386.17611;2732332688.43851;1355337705.91482
505;28888875715.4671;9301946210.13367;2697296700.40472;1355734930.28876
506;28953775196.3388;9250839183.86042;2726842656.28052;1373217056.61455
507;29043523518.2551;9293291486.26185;2733702966.50952;1357889842.83546
508;28944324292.7733;9300181367.13512;2695794966.71501;1369639681.6904
509;29046818165.8483;9284366363.80779;2682752364.97459;1353721073.2286
510;28715724817.8102;9300633739.93032;2766730827.15734;1364121251.41329
511;28780786245.5453;9307227374.97817;2720623072.08275;1374810268.39633
512;28914921965.9335;9276594194.27649;2722265196.77046;1372172080.55394
513;28946891903.8967;9313487534.87868;2709637759.91041;1351025604.13393
514;28812827108.829;9271587225.19348;2708217526.34232;1358526686.10034
515;29035204272.5872;9311074605.80379;2734128487.65561;1362962302.67595
516;29266865103.3742;9295027261.22914;2754287446.97145;1367874137.30854
517;28909778163.1428;9251041403.7982;2724443441.24845;1360485441.09343
518;28935765187.7408;9307932294.96023;2715034021.78237;1364237788.03666
519;28984449391.8948;9292938310.89568;2755170691.00428;1361800840.52474
520;29005779228.9472;9279515967.1806;2734555111.94641;1372217530.97812
521;28939958432.1573;9321230872.5184;2715010438.31937;1350774205.41049
522;28877853133.2494;9343985830.56428;2740440306.32116;1351822004.96655
523;28911291919.0885;9293858872.37199;2732545996.02458;1361935281.10162
524;28903336242.9147;9300101218.59997;2699090305.98506;1366443236.38422
525;28788154795.9083;9307755715.21644;2731679289.40592;1368944259.69575
526;29040288811.2523;9312349457.71931;2768301530.64171;1351632704.94366
527;28850277453.4828;9270559041.94291;2690306782.65967;1366096729.13089
528;29134686968.4257;9289586322.58857;2724062219.0196;1357023631.82018
529;29001264274.5549;9274141859.41266;2739065297.71391;1355959221.0569
530;29170351757.7429;9301188092.42411;2670506283.50121;1345248910.73259
531;29042468204.4549;9313503142.96778;2745407597.60473;1353917029.22947
532;28944896772.8607;9262702570.02464;2725506029.38164;1363007074.40515
533;28693522421.1519;9275628698.45191;2753159976.472;1364408441.28603
534;28904485318.5554;9276075164.80307;2730907717.83862;1341975908.89066
535;28905160560.0727;9289752715.33043;2721734932.48988;1350482594.55464
536;28870251305.4812;9283821877.95753;2740507156.10951;1361512903.74407
537;28863833526.7813;9314736037.64565;2721474151.53158;1362428723.21011
538;28691458482.9312;9301281137.93655;2733743538.04044;1367184874.03813
539;29084193747.3102;9294599734.52954;2722015471.25214;1360400657.41192
540;29280065644.396;9290218896.45498;2664654287.7901;1366884424.81305
541;29212612841.2605;9266831620.65894;2763086076.89463;1365599377.20707
542;28851074841.2956;9293596051.44797;2740301605.68618;1358372383.80526
543;28818616873.4421;9277964914.90537;2694222191.85116;1365185472.73154
544;29333239512.9809;9263611550.17887;2759303855.69587;1345296152.29541
545;28825776407.5859;9291296306.87746;2739957234.69406;1346465513.7125
546;28880862732.991;9247495776.37842;2709714018.14446;1355413332.12124
547;29065134949.1974;9313694236.57615;2701309486.4066;1366561179.64029
548;29024554442.0612;9208550574.02671;2700267459.4059;1346060154.56229
549;28660621030.1792;9326224118.76251;2713704417.91409;1356060185.64793
550;28900361715.0444;9266319303.24446;2719473298.42687;1355945127.81195
551;28987801120.1356;9256232756.34679;2708070314.40908;1369323476.98014
552;28859308014.7039;9357341242.84646;2701880787.68295;1370533291.37926
553;28851636796.5943;9356164039.99277;2732433103.09932;1359153520.33509
554;28784545318.8422;9328679322.75287;2727641400.55404;1357702127.04801
555;28860195024.1117;9306573855.11317;2724582473.85671;1362698665.66881
556;28944167339.9406;9288291471.29909;2760814340.52376;1361273079.78169
557;28821647554.7113;9294471361.48455;2780913030.03452;1344631110.97804
558;28865493632.1305;9282743691.04838;2736315627.3447;1353636820.88926
559;28770098464.7349;9297133593.57857;2737842567.24012;1350309359.56617
560;28734177471.2651;9270948794.83098;2731916520.87282;1355398996.26482
561;28745238311.3342;9283713223.25225;2707032015.30289;1361394263.40197
562;28766450006.4389;9293211989.16677;2732605956.05022;1366021374.4984
563;28921396599.7527;9264824261.19071;2718839434.07498;1358115787.13799
564;28944423785.1477;9313306726.79411;2742928843.65262;1353460179.91409
565;29016593456.077;9342785335.38981;2684004653.8073;1341860625.15093
566;28945380045.887;9289838170.51047;2719167906.10114;1350617866.29474
567;28939339177.9282;9279861888.05637;2746298412.08391;1354151179.50331
568;29016931245.0683;9306121867.11285;2741267011.59681;1352820901.47783
569;29063147351.2438;9316849314.12947;2719255868.01918;1345268830.54898
570;28905514990.4081;9261201969.9092;2703197711.91743;1350099056.51895
571;28861741728.449;9281592212.01033;2730530745.08449;1365068304.17936
572;28837668119.2931;9360506908.25222;2706038965.12664;1363868776.10467
573;28694672722.5409;9296502850.91818;2737509197.37274;1347986778.78369
574;28960551312.7822;9293856064.24567;2716510147.06381;1361654825.92362
575;29004856651.6121;9271822990.56763;2712600049.48196;1350661035.96622
576;28737655587.6952;9313003769.60031;2727320732.79839;1347061936.89197
577;28896386221.4502;9303185707.94103;2715782046.4489;1354010828.43058
578;29070229694.3816;9293322598.26299;2747241707.47733;1364791232.05277
579;28796894567.388;9262444334.48173;2720543952.43157;1346887750.25585
580;29095337461.3807;9264892777.81751;2715774014.63385;1353446705.16819
581;29086155879.2615;9281934957.92119;2684686364.16205;1362155201.03624
582;28951691342.4095;9304987444.36688;2733491130.94216;1345040319.86735
583;28917933557.1284;9283887028.88715;2735186176.61127;1357839630.40175
584;28789075378.633;9294330954.70108;2759158125.41747;1360015914.20759
585;28750062840.7158;9333058720.79166;2717830254.96567;1354017586.21946
586;29071893770.7148;9282242234.68056;2730368616.6772;1350624227.37929
587;29179872296.8922;9323840704.49955;2738851766.20369;1343815244.7276
588;29085705844.1564;9272275835.06352;2741267294.79495;1349587661.5461
589;29237365195.9332;9308078062.30876;2709419543.29403;1384156243.75318
590;29125899438.534;9322275383.66444;2737435140.38219;1348999016.3743
591;28847487649.4291;9273954504.7989;2754690078.93266;1367295434.13635
592;28915346600.6637;9292575419.35756;2733447627.36025;1360942718.72346
593;28967011044.9994;9277233850.20763;2751537205.71934;1356118733.26341
594;28958926097.0684;9295471375.17006;2746328648.81916;1357381288.78199
595;28957748071.4641;9295017401.86046;2754006627.26929;1381834742.59443
596;28937220981.1647;9300875691.37552;2719676824.44423;1352552107.20238
597;29088402700.0588;9282468220.5742;2723691986.27539;1355631627.70214
598;28736309792.7971;9287293209.85554;2715451408.48669;1355556793.35725
599;29137053586.1811;9302367964.5191;2734594938.39941;1359557824.0232
600;29013251237.9899;9264410387.45335;2759176396.28214;1358315366.53887
601;28894257195.9077;9293606019.18713;2706993657.83481;1355822372.48412
602;29136158031.4189;9280506364.34158;2693034354.01661;1378811952.75703
603;28886078698.2886;9309842144.28356;2758895879.01256;1371079527.77428
604;28721157970.1299;9288177986.89503;2747715097.0809;1361263885.18062
605;28950633348.4636;9291009872.31512;2715008342.56639;1359101649.9115
606;29080626893.0122;9304410229.26057;2719722856.43228;1367142551.74932
607;29090707677.9385;9270846194.70578;2757054270.29813;1341485171.80624
608;28946715727.8994;9318262292.36453;2754367169.78543;1365455579.52784
609;29009980117.8862;9318343269.62634;2753919431.96802;1355127039.18183
610;28690286233.7878;9294967989.02313;2718634266.71088;1357080633.2543
611;28879534987.1473;9311942534.56638;2764457820.95559;1370363722.43077
612;28996019337.6805;9238697574.97874;2736417941.95725;1365082193.86569
613;28928738959.1271;9257348414.40493;2711534442.8209;1361116839.36792
614;28893890889.1202;9306764018.93989;2761117975.0192;1361172824.38842
615;28882280231.8652;9311048415.15499;2702351065.43435;1342602759.02359
616;29022387611.9563;9295505029.37049;2750792923.40837;1373626627.88449
617;29076719852.7496;9238251463.01392;2707331469.76834;1351109007.15215
618;28964273892.2804;9326243736.59171;2761871661.87895;1358701662.50097
619;29110138874.385;9305461321.64456;2730528631.61477;1363314157.99206
620;29008010779.2026;9330209910.22642;2727277997.51435;1351522153.68081
621;29017669476.9077;9271962391.2654;2734225681.80221;1368728783.38792
622;28945069079.8008;9254138624.70123;2715728193.08022;1360455085.36427
623;28943180137.4823;9299887173.40594;2756031251.78784;1350309104.14645
624;29134245708.6812;9305151259.53558;2713203778.87146;1357180306.28493
625;28843136264.1761;9310042713.22995;2721221770.83027;1353190601.03805
626;28827378736.4205;9261281160.37028;2736188365.20538;1374446942.12951
627;28730037849.321;9311376534.46776;2707105102.5835;1361121942.88154
628;29115907273.8299;9318251393.94387;2690312733.70372;1373949962.4717
629;28896391926.87;9307005541.20981;2710270592.03408;1350705251.26214
630;28947668252.4604;9329971911.66026;2685403256.68985;1359364662.34389
631;28829452652.9835;9291703632.43762;2705121841.35272;1355314628.15734
632;29000629748.5099;9302403005.26401;2716096076.78621;1352927601.22332
633;28926648323.9653;9294993064.03904;2760960844.16026;1350587672.77503
634;28835174417.8292;9318444104.10497;2771823984.36609;1352338731.13222
635;29096431505.935;9269240639.29117;2763809459.58651;1375415707.10843
636;28873758265.2975;9309599848.39764;2727985396.11374;1346173026.18818
637;29048063083.4289;9302336620.12883;2717081628.59962;1360410698.63492
638;29013125694.3603;9288251262.46706;2710681054.80211;1365650661.34578
639;28811318961.3779;9292697937.85349;2698874311.1969;1360733201.67551
640;29168292186.983;9284449730.42872;2747924461.61442;1355847994.73068
641;28932882457.6529;9296148046.20431;2684253258.84548;1350850856.20246
642;29146880477.745;9290909312.89375;2769899614.84012;1370077749.72551
643;29053159572.0044;9315559316.06908;2737376019.10649;1349786466.93451
644;29045805192.598;9268998352.88605;2729052402.96873;1354655375.72706
645;29132091329.2283;9298435780.56897;2743824779.11649;1369000372.25816
646;29080729706.619;9290729527.71268;2711020455.30399;1351007533.60754
647;28859275297.4729;9289111198.06216;2745837295.55409;1384478865.16878
648;28960733104.621;9295943172.48976;2748280048.2797;1347806927.15695
649;29042342253.1132;9269063901.11361;2695936645.62488;1368208796.80089
650;28701651399.4423;9295859909.6696;2724332391.46907;1370365790.81006
651;28726736416.2767;9278385679.36073;2732593246.14478;1364220328.45695
652;28984789570.6931;9322660908.99009;2798884207.90803;1355824097.31149
653;29029069824.2104;9273428693.06796;2772910861.95746;1354104541.21135
654;28882644737.8407;9311300279.06119;2735653158.98202;1362353308.60091
655;28984586144.8489;9273695091.53267;2691450835.69539;1349474443.36294
656;29039545283.6054;9285856495.42936;2764689278.82023;1358158953.46502
657;28994011694.9827;9269990314.60204;2726122942.12246;1350731217.93443
658;29204117929.1848;9317721132.52886;2718342405.68171;1358900562.95999
659;28934109314.5318;9299348251.36052;2738320504.104;1379234529.78817
660;28940558306.3811;9271031668.62683;2769465316.95792;1363612823.56381
661;28920664142.1923;9298898380.1476;2711929778.57176;1356737202.39449
662;28885436302.0561;9305197138.38199;2742652006.00523;1347615810.75005
663;28894655621.5023;9276285224.90725;2705338453.49614;1362516822.40745
664;28884614149.7446;9281792118.35174;2720667486.43174;1362383422.62693
665;28753576064.2239;9307264772.42701;2728244287.14651;1359620664.75637
666;28826124346.6017;9281201141.28617;2732671872.56473;1354520934.72663
667;29329717280.4081;9290742220.16667;2723790815.16448;1346301545.04917
668;28954703009.2243;9326669124.84516;2761038537.0952;1337099057.25396
669;28896503447.284;9318183892.1453;2714518082.92444;1362125395.86517
670;29027551185.9249;9315944609.8192;2774591581.75364;1356265679.1964
671;29011115275.6714;9311617937.62804;2746310067.86416;1357988064.2008
672;28781426650.0543;9296589414.61858;2747888485.09581;1353840583.93514
673;28755174633.9939;9277536071.83673;2733657544.28793;1362232089.7933
674;29075329605.1146;9265987398.15569;2755763681.96035;1346066840.07525
675;28902581580.6932;9284415188.3903;2712592820.38627;1342247807.74193
676;29111972975.6736;9286557545.39463;2747917719.92927;1348359481.92676
677;28782346598.4111;9255620738.94703;2701460559.7058;1350065723.30039
678;29262608073.9037;9260614365.40687;2703186742.17336;1359398746.80531
679;28880917595.0136;9286924541.24212;2728958308.42866;1349758413.83189
680;29046434431.8907;9328817290.635;2758700169.00569;1366017155.37118
681;29082616768.2199;9296857935.20887;2732555079.85881;1353457790.94145
682;28823486467.3456;9318735121.83959;2696502955.70712;1360606679.92695
683;28901139245.327;9245587967.63861;2697919051.30597;1356319953.62693
684;28966126473.6232;9309756887.76605;2743629752.81886;1344517539.87527
685;28722818129.1257;9297880461.62215;2734297712.04603;1353884595.80277
686;29070139089.1814;9339365088.67814;2730587948.24058;1368336727.7533
687;28995979772.5555;9341432575.21595;2701221868.91491;1338690049.55398
688;28778154287.551;9282690641.45522;2726274199.11059;1372196469.1086
689;28657211579.4916;9297232229.90481;2757206644.00646;1361078181.46683
690;29114363227.9702;9328227768.57276;2748420435.34726;1348457662.58945
691;28953246886.5589;9285791930.83432;2733757968.96523;1352535453.32567
692;29112667431.7386;9293857366.20507;2716541744.16719;1354528635.81524
693;28847223995.1916;9288853833.93136;2746176501.06541;1352332196.0199
694;29199796527.2195;9261946520.11678;2737322111.58344;1356653292.38357
695;28852930531.2707;9316506841.14788;2747610269.02322;1358988219.78621
696;28828266316.1769;9280617000.38076;2716639122.40152;1369082516.31735
697;29221400833.2655;9281047158.01342;2743717114.74269;1344206538.51552
698;29111482321.4142;9259581184.55332;2711040523.79362;1359322469.06084
699;28767108878.1963;9303713453.50305;2744892614.90277;1361962071.18471
700;28844214967.9576;9284469781.88709;2709256351.67636;1362507190.14849
701;28903803350.9087;9312214604.81023;2729751346.77679;1347261665.05143
702;28822094408.2511;9254567181.09554;2743440400.28467;1353026664.20243
703;28984648273.4105;9344378816.92487;2741176408.9047;1380645961.64884
704;29016221367.2686;9278912748.2523;2731455467.92809;1365516057.40056
705;28749688294.0729;9266969792.46273;2717506763.65;1360911086.64772
706;28716447868.7621;9278405808.42956;2714711088.6316;1357587782.03988
707;29073612211.3083;9300257586.47367;2756996670.8188;1374329678.59966
708;28800458486.003;9295039539.16469;2714768231.11852;1357761720.86577
709;28927953496.0148;9276912601.83221;2748340245.83208;1358299074.44613
710;28709409521.4363;9289948254.23432;2689260583.88084;1357930969.37605
711;29059174432.6303;9286899469.59011;2704611073.96413;1360219200.26208
712;29013039657.591;9314507269.76879;2693066737.0015;1374255233.18116
713;29001017541.2591;9259190066.21855;2759969302.95695;1353088573.43613
714;29000161057.9385;9315101484.71922;2777015838.57159;1362165689.78082
715;28913759143.4746;9277762989.1043;2728139361.74932;1355647797.44943
716;28955894807.903;9235442158.40892;2762270374.46353;1359765005.07016
717;29145537384.6729;9284362759.36753;2768131094.33553;1359505299.92288
718;28888952841.269;9267682999.96442;2733285663.40142;1381082025.07031
719;28820317209.4769;9285160730.65346;2733107023.54502;1359841919.85951
720;28952562808.0636;9261618654.65597;2759639368.06442;1350936505.49434
721;29087946345.5828;9296388183.75405;2722264788.02181;1364533199.36643
722;28995858034.1704;9296583038.98804;2740155994.45894;1350684327.77492
723;29052798402.3693;9300017524.14413;2762540488.32418;1351583438.97331
724;29081866055.0856;9313723481.36257;2711731189.70289;1353001869.13993
725;29005389937.1374;9301073680.70215;2719733897.93399;1351929994.36953
726;28864865190.2769;9327180452.31994;2715150649.49866;1338594895.15673
727;28821599807.1861;9318529641.2628;2716269721.86534;1363470411.93267
728;29011836567.8289;9286280448.6468;2735375441.10053;1361523996.89215
729;28812923746.278;9321813933.23803;2740552538.04123;1360858698.81271
730;28833888786.4209;9305572799.94813;2723611596.41802;1369847841.31787
731;28846140784.0138;9311419365.57345;2751608952.83943;1340663461.67694
732;29043087477.1651;9329912039.54507;2688435074.29403;1354530185.79123
733;28871507534.8093;9284563342.11923;2731235927.52402;1382114931.27439
734;28796963259.223;9292404661.39709;2699483407.67906;1362707331.74089
735;28951492873.0262;9280719096.15418;2741496145.52005;1366877539.39505
736;28873844199.8196;9325259675.12782;2722709297.58393;1343576887.88439
737;29270040683.6101;9342556844.64309;2751345833.35602;1376114398.25019
738;29076547122.0524;9340461142.80532;2675355874.59969;1365948981.79175
739;28819826754.4733;9263793835.2326;2698197154.11452;1355194063.98872
740;28848861541.835;9291326911.37389;2750194918.17913;1349743132.03065
741;29106597830.2376;9254487110.21343;2652863379.87281;1352733571.32769
742;28726486236.2614;9242475528.45654;2722306417.09717;1348563159.97401
743;28805967445.3143;9291001469.79366;2732645431.10893;1366479670.56163
744;28821463527.2093;9318881643.79335;2705582541.23671;1376122556.78346
745;29137933777.9507;9315980418.23403;2722395998.7185;1328343786.12634
746;29021403214.3743;9303698984.50824;2745397355.57748;1366769575.69041
747;28873323435.7957;9334053162.60066;2719818678.73767;1344690159.89015
748;28886918573.432;9307197003.5412;2745594871.23777;1356590599.67022
749;28992934982.0762;9307470096.67038;2738482934.0636;1356129596.03186
750;29035045955.2647;9297437970.74789;2754232009.05163;1372919464.06246
751;28763289469.5934;9264842997.76728;2722745194.12533;1363088521.69066
752;28795301186.4507;9293332035.70244;2723442641.80055;1346630275.27738
753;28935739801.5631;9291216947.44543;2699051982.07078;1380122320.94249
754;29034336548.3173;9272413567.72172;2725772439.91339;1358047459.70628
755;28859843602.4202;9248376298.27396;2722287964.25714;1349342959.81235
756;28881812015.0437;9307063222.04046;2758522542.81113;1354484618.47467
757;29138707316.0328;9296905658.26682;2725247803.3945;1363557340.11584
758;28790380690.9806;9288425821.79596;2725570611.14461;1358490572.80625
759;28920790998.8849;9302906868.80863;2706492679.68895;1364036532.04295
760;29035287476.9216;9255140194.70806;2754600841.99839;1352639893.72781
761;28879149536.7551;9283105540.12564;2735900366.05494;1377183342.13329
762;28988258159.5526;9277064887.95444;2728681533.34075;1378398634.69551
763;29066340383.6532;9276288881.68622;2732091028.1229;1378310391.68558
764;28990534764.3969;9308206652.04664;2745381829.14881;1371360998.34471
765;28996749513.5563;9346258524.56987;2717307340.04095;1362352032.15293
766;29078572192.4496;9241560170.02935;2697521953.28532;1352280980.17099
767;28966485443.8489;9277777240.35054;2714712704.69799;1354099835.44814
768;29042763246.56;9297398985.90053;2743832045.62763;1353497333.50999
769;29006213047.0832;9288714262.43772;2737126685.10356;1352590461.37344
770;28963046385.7516;9316735392.13482;2729540290.24332;1363907448.00608
771;28832312829.4413;9261978046.73623;2723204257.20314;1338619658.02637
772;28988546654.0607;9363212092.42519;2737798696.868;1357199031.77464
773;28839640895.7258;9280432854.42408;2755750962.11529;1368936525.85005
774;28813195953.728;9299289628.11015;2720879553.93942;1355009277.31706
775;28909728219.5551;9308169497.43377;2754136391.94784;1364537613.2062
776;29018577937.0567;9225667327.34812;2732052158.92496;1365890072.34139
777;28885849641.6305;9298505067.7412;2687999455.42647;1353398126.2085
778;28782097844.4494;9256019185.79791;2715094736.89167;1350164818.25276
779;29156812682.5727;9246174538.90527;2712727859.92332;1374646063.56598
780;28877462857.659;9272749223.55171;2697915036.08814;1358911293.96834
781;28946149899.0969;9309618509.46404;2738532990.38095;1349164855.62168
782;28906185506.0618;9299839344.16641;2734209181.03414;1364035450.891
783;29012800880.7706;9273565304.33965;2739103490.05556;1348415928.15746
784;28965608737.3596;9271591963.69835;2767717428.53843;1363723210.926
785;29248918655.3736;9289364266.38642;2739546637.57556;1348787586.8054
786;28986565154.6588;9318219312.74405;2756534016.12413;1349918045.7628
787;28900867837.7542;9292938096.04283;2746773878.42291;1372501156.42587
788;29112802442.6563;9287230944.05374;2730545534.33894;1373311801.38954
789;28841434697.9885;9300167665.83042;2753199634.4074;1354326697.91675
790;28741068796.879;9283271306.76034;2738721235.06328;1351815431.99908
791;28960223194.4481;9280846541.15686;2729365625.6007;1358454589.71225
792;29004432833.3601;9258554607.59742;2727606315.42067;1364923663.93903
793;29004033626.8194;9303359841.70578;2708755833.64034;1362085736.34453
794;28989122892.0812;9308312749.48232;2727422388.29875;1365896964.0148
795;29236407259.2031;9285146123.64765;2708650785.13452;1350752729.59681
796;28937374372.1679;9312492313.97529;2684311740.86003;1353229238.43893
797;29038484286.4852;9282790653.42784;2746895269.51491;1353521714.45721
798;28703724372.9691;9252615137.59285;2737777888.97031;1340594967.04471
799;29007088485.7544;9294701375.93813;2717786590.89822;1362332327.27194
800;29057775693.9837;9308918818.70135;2700773972.39306;1367112451.37414
801;28838444126.5613;9367234896.16118;2756275434.47146;1348570789.11055
802;29265417969.0652;9280050273.67069;2738325817.39694;1348846015.02244
803;28881071026.1748;9285606092.13878;2671623252.90652;1354443360.20093
804;29015791256.0705;9307272173.37594;2730396890.26124;1365807637.66366
805;28812563592.4802;9259338123.9848;2725773051.45375;1365610964.40316
806;28790035992.0018;9307214053.24121;2731158117.28587;1365060083.84243
807;28898425839.9891;9280531026.30641;2730835912.35274;1360562829.96186
808;28916934279.3754;9302475799.8979;2733567467.01595;1361150753.95149
809;28663678764.9031;9255714457.2362;2796469264.47204;1346745837.21694
810;28945420981.9618;9314446785.8488;2717750091.50867;1356631638.9898
811;29011595487.6334;9247864214.95024;2761429982.22028;1355771723.17301
812;28896390063.6183;9312890543.14734;2740942571.05254;1369389986.47635
813;28935298671.2257;9279388161.61063;2761538224.61009;1363072965.81331
814;29010710233.7351;9224306717.90618;2759103135.67337;1369714031.98436
815;28877892411.1032;9298883869.11601;2754319237.11893;1361847069.62166
816;29215314059.4893;9285056453.52635;2725178471.64473;1363010401.82362
817;28806323783.8166;9266502724.56008;2727139887.06568;1343988007.81077
818;28998180422.1667;9309139930.48956;2696017297.52414;1372887623.7614
819;28810604030.2486;9343453977.12981;2698578733.15556;1357191361.40096
820;28786805413.1833;9327748930.52444;2722975644.17351;1351788987.46204
821;28926030142.7892;9300896339.44114;2738553653.29836;1355291881.24543
822;28953390634.7125;9319613064.1324;2722697760.9657;1364162650.46234
823;28874109306.9355;9275093962.81475;2780259487.70009;1362293708.57937
824;29167419367.0907;9285682336.01956;2725235208.79485;1370994694.10316
825;28867786180.927;9294424393.69176;2679402720.61429;1344875462.63501
826;28985872375.6266;9316761834.68629;2771170020.96538;1338925035.38898
827;28944665247.9783;9328115850.14058;2721011864.76198;1363177224.47637
828;28710993180.6256;9265107204.49811;2698572104.97367;1380288350.99064
829;28759833304.2096;9311907940.63113;2731748885.20796;1354456851.76307
830;28899431907.0465;9307828862.79781;2673960317.66324;1364160549.87215
831;28934023328.6959;9240800932.95895;2729685236.84468;1356866764.94147
832;28838266156.85;9233514274.13028;2698964433.4894;1352728585.26083
833;28868743658.7519;9277685710.05415;2731451966.34699;1361764515.13245
834;29132795349.5996;9262944642.13848;2709263437.57185;1362931871.71773
835;29032782276.3643;9286299794.6589;2728356619.37098;1356882682.529
836;28896887037.1599;9270640792.28569;2726740656.67567;1357938222.74051
837;28986637664.733;9304960544.74285;2730848513.99842;1360122390.56171
838;28890118790.1438;9296712129.11076;2722513653.3368;1347574157.79722
839;28795656326.3894;9318116493.01677;2718780151.36981;1366234914.27431
840;29045341377.3046;9294383851.64367;2727671806.39699;1372628220.09177
841;28812209016.8165;9269427884.36235;2739609640.9816;1363946990.15475
842;28893543633.8406;9310849641.82819;2714332455.76703;1355840916.155
843;29106258901.1522;9346264512.21883;2706021563.68973;1362364037.82089
844;28996681255.3834;9279347337.35024;2723153144.09325;1350733316.8634
845;28976843574.0169;9285231730.51964;2752809069.93223;1369565534.97321
846;28883091835.0728;9264220286.60444;2759906347.60839;1356317010.33059
847;28747610540.0619;9308204117.4947;2717918689.68284;1343736861.51487
848;28849136089.1786;9283401569.89158;2719219681.44064;1342318104.60546
849;28774419231.1015;9334150196.395;2708333098.98085;1362656939.95406
850;29123353314.5489;9296253835.24414;2729968979.81202;1355068223.49443
851;28927370987.479;9292941564.7501;2725989310.14649;1365972276.46596
852;28796142462.5467;9269097279.02772;2740441699.46557;1353495569.16908
853;28869416167.6206;9304866307.09619;2700852220.86841;1363052420.07801
854;28764263813.4655;9290884646.91906;2734551993.28945;1347953641.49299
855;28781038815.0858;9280947057.72905;2705593955.11729;1362204653.05456
856;28989750990.6616;9260249141.96762;2734205860.77726;1367326393.32159
857;28965824304.8826;9292814162.79961;2789220572.09629;1356700370.79455
858;29032542351.9402;9297622373.35166;2749193286.57502;1343049397.47136
859;28872870617.2373;9260333293.58647;2719608281.07172;1370232218.89604
860;28905153072.8096;9280250935.83273;2737569661.45324;1365388901.33978
861;28848332167.2654;9287544317.89621;2767761530.74122;1362525706.78519
862;28976337865.6333;9312349814.33941;2711583081.19992;1362285195.68807
863;28799424550.5397;9292519843.27529;2731673283.9296;1353365596.50738
864;28785552858.8044;9278581933.63057;2697788385.74134;1352529164.61558
865;28886207987.5512;9296432106.64184;2722093625.5022;1362186578.00058
866;28803423509.0474;9306304465.61529;2713529699.05488;1352035455.18942
867;28957091410.9138;9288556650.88551;2776213017.35463;1347396811.08913
868;28750481425.6876;9293015227.52242;2709910804.72315;1344141956.38579
869;28978179420.1712;9320403734.55043;2690921854.98874;1359842096.893
870;29000230410.0388;9293242653.89818;2741865532.65046;1362156900.59529
871;28999602638.2537;9362384465.18252;2709700786.67387;1361591563.32341
872;29135341717.7103;9283484076.15343;2662334609.47204;1356769617.50605
873;28984383145.1113;9305603179.90312;2719830378.56793;1366857638.934
874;28788925812.4721;9281785732.72134;2773777611.4899;1348259802.05262
875;28921131757.4445;9276132597.9551;2750391904.65964;1369980186.20298
876;29014580213.8524;9371234745.63981;2697542697.55435;1361673210.24374
877;29056136079.4785;9296628485.18677;2765943947.72828;1376253308.05962
878;28900966372.6654;9344427470.83027;2739356986.64437;1342398701.52074
879;28899394398.4879;9303270920.99869;2751971563.6795;1352960238.09196
880;28872657666.7364;9331193379.37744;2736932374.19644;1361055575.86724
881;29117708104.1775;9268163342.9232;2729104015.10442;1362586519.80166
882;28956289736.8088;9283365279.11885;2711683922.47292;1365047247.35935
883;28838299667.4632;9306902129.88268;2747070922.24787;1340380696.39695
884;28815824247.1772;9280365387.53659;2757910662.58563;1377146302.27445
885;29184066442.1125;9291495257.17144;2736772502.96727;1345664943.08803
886;29013306565.6084;9316168096.09654;2714869325.61378;1371708358.18383
887;28828278795.7094;9288222305.79084;2718164040.22549;1347568372.59757
888;28897348329.3426;9311535088.61651;2679490294.4527;1356811083.72232
889;28922859487.9741;9322183553.99112;2734803986.18993;1365954419.9681
890;28891682411.9544;9279665953.62142;2750985047.33105;1350474445.46152
891;28876755141.0282;9318909790.55558;2693581060.36663;1351350836.03783
892;28979114688.6511;9331950231.15258;2769040010.82127;1364983018.89849
893;28693271500.3477;9319227534.46784;2704171795.85643;1338308828.27262
894;28986418746.3135;9317682513.93637;2735052336.77148;1346465112.25518
895;29131367113.9299;9329409409.87215;2751947919.21373;1365175538.39269
896;28776110848.4653;9298861356.18027;2768180239.56773;1350437321.21715
897;28855643914.1739;9291394022.12249;2736087627.46403;1362893331.10358
898;28830944571.1671;9293621335.89318;2737924964.9341;1368077530.29692
899;29240816283.4588;9287342682.69565;2750538665.25901;1361764714.96548
900;29045987928.8064;9311384662.54537;2757931154.08842;1366894063.81462
901;28837082576.0231;9293475300.56152;2751092678.00062;1351371882.63612
902;28791302456.6992;9302099174.76187;2740546758.10621;1348875320.61666
903;28919887096.4016;9262895160.64444;2742234407.70099;1355006598.54434
904;29075633143.6952;9285533096.07233;2748061938.8733;1354533223.36735
905;29104735384.1504;9321948615.89706;2733936017.16002;1356248889.86211
906;28775563015.3718;9281775689.86819;2727064495.72968;1356447189.31682
907;29048806978.7257;9322883873.31522;2773637080.11058;1357294031.66777
908;28904134333.9883;9282729460.06844;2723173338.49299;1373501600.57557
909;28913035884.3704;9299329327.36276;2703774558.01194;1357601973.88176
910;29011501015.0151;9284536535.3998;2724987433.41845;1361006332.1758
911;28973706214.3098;9269996496.01324;2714130503.43239;1358020124.04871
912;28988778458.7807;9301556777.24484;2766757019.41163;1362333613.11431
913;29083415722.7909;9294490256.89699;2734291247.90151;1367259388.60053
914;28897189660.5131;9252121954.29314;2719633141.54981;1360847204.5555
915;29111518605.2663;9267491199.90154;2778637189.12107;1359107328.94673
916;28784758420.0344;9296112858.26561;2708912358.6273;1358056643.18776
917;28937912493.7073;9275705567.03025;2716818842.25942;1350221899.815
918;29172360705.0183;9283477643.50165;2668098408.78329;1357025191.95005
919;29001935926.0945;9247990912.93314;2751644626.80216;1345920520.51348
920;28864882973.1422;9274191384.98673;2738630244.37993;1373156441.48969
921;28885160992.9457;9296513325.09825;2716461811.36315;1358932722.57782
922;28719624154.9738;9278837882.07782;2728804104.71964;1367095897.4472
923;29067900116.1517;9300897353.17197;2710492278.94891;1367689299.87753
924;28819884493.0651;9282741269.60223;2761426590.69465;1356585741.98172
925;29150314405.0284;9337074890.93501;2706213417.75024;1356253137.06769
926;28885032643.8309;9282086869.2541;2720963054.92613;1345353051.75078
927;29060532890.7039;9280339497.29774;2701599638.429;1355407070.25246
928;28986303739.3586;9243576704.08542;2744194991.6977;1365620799.50155
929;28957348993.9357;9288261131.80691;2718314615.66331;1365525722.71451
930;29063933953.4346;9245524275.41345;2704086109.16675;1362773478.03588
931;28628377697.1699;9348959833.26462;2706662066.33477;1363421768.9951
932;28940474112.8871;9302510783.29063;2732029098.18552;1362790329.90611
933;29159261002.6833;9301748808.71054;2727240261.0367;1366646578.94066
934;28899201502.9409;9330093764.93233;2769965679.76117;1357688871.42263
935;29331537936.8157;9292403306.31728;2740977005.39729;1372822228.70841
936;29117356703.2222;9324716083.09563;2705241064.34093;1373662612.61227
937;28993974484.4539;9283269177.00677;2743687758.31596;1358224915.41933
938;28910454656.8529;9312994527.27542;2714629280.85172;1343192242.71649
939;28968948233.0602;9321126580.06431;2743726752.35037;1353323303.66214
940;28894509063.626;9281055928.14903;2763682872.25292;1351584909.47094
941;28801480763.0743;9279851827.77859;2721857152.61187;1340757775.08398
942;28784648865.9275;9300427891.6897;2726397165.74499;1371368850.15899
943;28899255194.9141;9332113525.06746;2729099093.16758;1356030432.90566
944;28961830208.0906;9329670250.86031;2768515057.75634;1362825844.82764
945;28884631353.4927;9281964544.72628;2679587022.08975;1352494378.14067
946;29000333221.9251;9283103413.60755;2739302639.38535;1357248131.46419
947;29017729013.4304;9256125116.29152;2709758840.63083;1355890180.38328
948;28729571952.5232;9283420105.48359;2726282712.64086;1367876380.5999
949;28738447243.1108;9288470274.78163;2770998577.6679;1356079380.26047
950;29000816422.6159;9284083761.20174;2733218444.26097;1351810568.60937
951;29026152108.2196;9281360559.14713;2728146579.16;1342269212.25986
952;28870138745.1776;9265246646.61798;2736627844.46914;1352975154.3275
953;28933888419.957;9307764079.75529;2748055303.63175;1346887977.89048
954;28913862593.9489;9318095245.15099;2748137601.81675;1366207440.58018
955;28999086299.0725;9295920445.81447;2719666341.69731;1361973059.83644
956;28963451001.4469;9286947241.64352;2728006871.60485;1352560704.44278
957;28896863162.4284;9287849857.61177;2762564999.71557;1356021818.18908
958;29067053665.1797;9330186332.56176;2695161127.78012;1371139809.2425
959;29286251851.4038;9300658759.28319;2708202941.52412;1370200299.06887
960;29083809574.1652;9309885886.29705;2760058984.7108;1344801384.94064
961;28890353159.387;9276233479.39647;2709901913.98343;1371776238.12838
962;28884326445.0375;9288711833.59653;2733431781.44192;1346656319.50898
963;28761404553.1691;9298406541.47224;2732427081.63259;1373721003.53784
964;29035555695.251;9291191635.52003;2733987751.56689;1374083571.06238
965;28855897817.4366;9268579221.21039;2743974195.0364;1373788606.65829
966;29099693010.3391;9279571815.55282;2731818033.50633;1356091955.24453
967;28874891301.3972;9285323532.48437;2738723251.20576;1361814485.16606
968;28813251680.3305;9277773635.59643;2735003844.65067;1351453009.13249
969;29091500025.6428;9304673093.62798;2729990636.06225;1348998619.36651
970;28853752760.5781;9300211785.46855;2723627415.56205;1352113073.02375
971;28993483571.8357;9333505850.03126;2742129678.06505;1359574174.73864
972;28810914178.711;9283836447.82025;2733163659.78913;1362920441.22166
973;29162320032.4487;9292239261.64811;2716267303.77903;1360738877.48726
974;28888850628.1551;9278412202.59761;2720255359.33142;1374633383.39533
975;29114079460.7702;9293520351.48498;2741491013.21432;1367168088.02017
976;28912187813.2606;9314074938.08088;2719272552.91184;1354147149.07369
977;28915334184.3567;9296483863.51854;2701879983.5979;1353717111.97276
978;29061285921.1618;9294115428.48783;2706971372.50717;1365425950.67826
979;29084932185.3665;9328118896.86578;2694028690.69203;1332498851.55232
980;28729893994.3523;9309707214.83343;2720456331.78734;1359297910.95176
981;28934281865.2733;9295646482.08699;2719027060.65754;1344491095.86067
982;29116715735.8039;9254940110.93334;2754578506.34966;1378638141.21005
983;29161400433.8376;9294428298.06801;2750021703.7314;1366053109.90902
984;29105699056.3022;9305082464.14394;2728168170.65048;1371188717.76473
985;28964866069.7416;9265569648.39891;2780438843.2899;1348475761.18655
986;29075310984.602;9301497992.0794;2765708222.73156;1367600835.44025
987;28882445797.1692;9300509963.72744;2747236309.11285;1364589655.87241
988;28759807260.1579;9285466493.53417;2720973809.12497;1368690336.99157
989;28893000143.3081;9287806178.51842;2704088960.13654;1376069895.39044
990;28719610639.7945;9289265355.8899;2768249116.86448;1365604572.21557
991;28770837674.3632;9269721906.63732;2737532520.57599;1376532982.89245
992;28893285714.0003;9304084881.98586;2737063115.92119;1371528650.48012
993;29023945431.4621;9264279189.00239;2714655693.12617;1361110286.18388
994;28809439566.6964;9295136898.84582;2714837054.20235;1358167555.88515
995;28813494935.9451;9279516510.60194;2774528949.04541;1357720784.29149
996;28811779176.6511;9308823963.91165;2706105477.34468;1359213268.75949
997;28948373898.2741;9256323476.36907;2717960690.59101;1348603533.2205
998;29142525669.7426;9290599036.0027;2745758607.83264;1350416596.78373
999;29017921094.2735;9262967740.45687;2712023929.97577;1368200243.90267
1000;29084953078.1882;9280173217.53131;2709150425.36468;1353492849.36738
